id,claim,advantage_type,confidence_level,supporting_data,source_document,extraction_date
1,"Read-Ahead Summary for High-Level Presentation on Q-SMEC Technology & Use Cases Q-SMEC Technology Overview Q-SMEC (Quantum Superconducting Magnetic Energy Containment) is a patented platform of sensor/storage material architectures leveraging quantum physics, AI-enhanced DOE modeling, and thin-film/3D-printed fabrication",,medium,,,2025-11-04T13:11:53.730675
2,"Each instantiation is a unique multi-layer configuration of up to 22 quantum-optimized materials (10 disclosed; 12 confidential), enabling: Ultra-high bondon density (quantum bond network) THz-scale photonic/electronic behavior Order-of-magnitude improvements in signal-to-noise, sensitivity, energy storage Post-quantum secure and anti-tamper intrinsic design Core Target Properties: Lowest SWaP-C (Size/Weight/Power/Cost) Manufacturable on Stratasys-class additive systems CMMC/FedRAMP cybersecurity alignment ITAR compliant anti-tamper AI/ML co-optimized for SCADA/ICS environments Three Primary Use Cases in This Briefing Prussian Blue/White Alternative Energy Storage Targeting improvements in diffusion channels, conductivity, redox voltage, and strain minimization Competes with PBAs in grid-scale and defense battery storage THz Sensor/Emitter Parameters: NEP 0",,medium,,,2025-11-04T13:11:53.730675
3,"01 g/cm^2) NRE Technical Development Model 6-Task staged engineering process totaling $770K, 7,700 Hrs over ~1 year: Task 1: Quantum modeling (DFT, CWF) ‚Äì $100K Task 2: DOE optimization (AI/HPC/Quantum) ‚Äì $110K Task 3: TRL 3-4 prototype systems engineering ‚Äì $190K Task 4: TRL 5-6 Lab integration ‚Äì $110K Task 5: TRL 7 demo/LRIP manufacturing ‚Äì $130K Task 6: TRL 8-9 validation and FFF packaging ‚Äì $130K Business Model & IP Strategy Licensing: Field-of-Use, Exclusive/Non-Exclusive Joint IP Rights with Instantiation Partners Structured Gate Funding Model ($25K prepay + 3 milestone-linked payments per task) Global NPV + License value analysis already completed for 200+ use cases Staffing & Capacity Plan Chief Scientist + Proprietary IT + PM = 120 hrs/week availability Capacity: 1 new instantiation project accepted every 2 months (H1 2026) Deep Analysis & Strategic Feedback Strengths: Extraordinary Technical Differentiation: Q-SMEC blends first-principles physics with manufacturable real-world configurations, standing out in a crowded materials innovation space",,medium,,,2025-11-04T13:11:53.730675
4,IP Defense Strategy: Trade secret + modular patent layers + field-of-use licensing give both commercial flexibility and investor defensibility,,medium,,,2025-11-04T13:11:53.730675
5,Threats: Competing Claims in Quantum Materials/IP: Race is heating up; delays in patent filings or ambiguity in trade secret boundaries could weaken IP position,,medium,,,2025-11-04T13:11:53.730675
6,Q-SMEC SENSOR PLATFORM: COMMERCIALIZATION & STRATEGIC EXECUTION DIRECTIVE Based solely on the CII NIKET proprietary Q-SMEC technology and use cases 1,,medium,,,2025-11-04T13:11:53.730675
7,Use of funds will map directly to NRE tasks and patent finalization timelines,,medium,,,2025-11-04T13:11:53.730675
8,"INVESTOR RESEARCH STRATEGY - Local: Identify Arizona-based Seed + Series A tech VCs - National/Global: Expand search for sector-aligned VCs - Platforms: Crunchbase, PitchBook, AngelList - Portfolio Analysis: Align outreach with similar hardware/tech investors KEY PRESENTATION STRUCTURE (PITCH DECK) Slide 1: Visual Slide 2: Problem + Quantified Data + Use Case Slide 3: Solution (with diagram) + Modular Functionality Slide 4: Product Overview + Capabilities (15+) Slide 5: Emergency Responder Focus Slide 6: Competitive Analysis Slide 7: DOD-Only Capabilities Slide Slide 8: Future Capability Page Slide 9: Use of Proceeds + Fundraising Ask Slide 10: Licensing Opportunity Overview Slide 11: Advanced Functions (Defense, Offense, Multi-Functional) VALIDATION & VETTING 1",,medium,,,2025-11-04T13:11:53.730675
9,Scope of the Q-SMEC Patent/White Paper 1,,medium,,,2025-11-04T13:11:53.730675
10,"Patent scope spans materials, manufacturing processes, device architectures, and use-case integration",,medium,,,2025-11-04T13:11:53.730675
11,"üìå Summary Scope Statement The Q-SMEC patent/white paper defines a platform technology spanning quantum sensor materials, fabrication processes, and multi-sector applications",,medium,,,2025-11-04T13:11:53.730675
12,"It is positioned less as a single product patent and more as a taxonomy + commercialization framework, claiming materials, methods, devices, and business model in one",,medium,,,2025-11-04T13:11:53.730675
13,"CII NIKET PROPRIETARY CRITICAL INFRASTRUCTURE INVESTMENTS, INC NIKET NORTH AMERICA LLC QUANTUM SUPERCONDUCTING MAGNETIC ENERGY CONTAINMENT (Q-SMEC) SENSOR AND ENERGY MANAGEMENT MATERIALS OPTIMIZATION WHITE PAPER Alex Dely, CII Investment Board Chair/Acting CTO Principal Inventor SMEC Sensor Materials Adely@CII-International",,medium,,,2025-11-04T13:11:53.730675
14,"P 15-17 CISA Critical Manufacturing/Mining & Strategic Minerals                                                           p 17-18 CISA Water and Wastewater Utilities                          p 18-20 Department of Health and Human Services / Health Care Facilities/Biosecurity                                 p 20-21 Department of Agriculture/Food Processing                p 21-23 CISA Department of Energy Oil, Gas, Chemical Facilities/Processing                                                        p 23-24 CISA GSA Government and Commercial Facilities Civil Engineering                                            p 24-25 Page 1 CII NIKET PROPRIETARY CII NIKET PROPRIETARY CISA NRC Nuclear Facilities                                         p 26-27 CISA Emergency Management Services                      p 27-28 Department of Treasury/Financial Services                 p 29 CII NIKET Non Recurring Engineering Statement Of Work, Schedule and Budget                                              p 29-32 ----------------------------------------------------------------------------------------- BACKGROUND: The Principal Inventor of the novel Quantum Superconducting Magnetic Energy Containment (Q-SMEC) family of Sensor Materials has deep expertise in solid state/quantum physics and materials science engineering, dating back to (under)graduate studies at University of Chicago/University of Arizona in the 1980‚Äôs, materials technology development and licensing for critical industry sectors through TTT Inc Holding Group between 1985-2008, US government contracting at the Raytheon Advanced Technology Mission Area between 2008-2024, and Adjunct Faculty status in the College of Engineering SIE Department 2012-2024",,medium,,,2025-11-04T13:11:53.730675
15,"In the 2017-2020 he was part of a Raytheon informal team that led to Co-Inventor status on a series of US Patents for  ‚ÄúRotationally Anisotropic Materials with Tunable Dielectric Response‚Äù (RAMTDR) under US Patents 10,421,701 B2, Sept 24, 2019 and 10,703,692 B2, Jul 7, 2020 respectively (assigned to Raytheon Company) describing a family of tunable and reconfigurable materials",,medium,,,2025-11-04T13:11:53.730675
16,"National Security-critical Sensor and Energy Management Applications throughout the 16 DHS Critical Infrastructure Sectors require the following properties: Lowest Swap-C (Size/Weight/Power/Cost) Readily manufacturable using currently available 3D-Printing (Micro-Nano Multi-Material) and complementary thin film/atomic layer/vapor deposition Page 2 CII NIKET PROPRIETARY CII NIKET PROPRIETARY processes and equipment, in both small batch/large volume optimized design configurations Robust anti-tamper regime allowing for exportability under ITAR Robust cybersecurity regime compliance with CMMC/FedRAMP Improve by at least 1 order order of magnitude the sensor sensitivity at target        wavelength/frequency, signal/noise level, and target location/depth Improve by several orders of magnitude short/medium/long term energy storage/discharge in the materials‚Äô quantum fields and chemical bond structures AI-designed for optimum interface with NIKET AI-SCADA protocols for Industrial Control Systems Each customized Q-SMEC sensor instantiation available for Licensing to industrial partners at Task 4+ Level (see Section D, NIKET NRE SOW) Derived through 2025 from Quantum Physics First principles, and utilizing Artificial Intelligence Augmented Full Design of Experiment (DOE) Advanced Modeling and Simulation (M&S), the CII NIKET team is maturing Sensor and Thermal Management materials architectures with customizable segmented/layered materials combining optimized configurations, oxidation states and doping levels of one/more of 22 materials: Germanium Gallium Antimony Tellurium Selenium Aluminum Niobium Nitrogen/Nitrides Tin Titanium 11-22        Confidential CII NIKET Q-SMEC INTELLECTUAL PROPERTY LICENSING PROGRAM: Section D contains an initial list of Use Cases throughout the 16 DHS Critical Infrastructure Sectors, with strong initial emphasis on Department of Defense/Defense Industrial Base urgent needs",,medium,,,2025-11-04T13:11:53.730675
17,"Page 3 CII NIKET PROPRIETARY CII NIKET PROPRIETARY As Section E Q-SMEC Statement of Work Non Recurring Engineering Tasks 1-6 indicates, each Sensor/Thermal Instantiation requires a unique implementation of: Task 1: Quantum Model: NTE 8 calendar weeks/1000 Eng Hrs/ $100K Task 2: AI DOE: NTE 8 calendar weeks/1100 Eng Hrs/$110K Task 3: AI SE TRL 3-4 Prototypes: NTE 12 calendar week/1840 Eng Hrs/$190K to reach Design/Method Patentability Claims finalization and associated Trade Secrets",,medium,,,2025-11-04T13:11:53.730675
18,3B Page 4 CII NIKET PROPRIETARY CII NIKET PROPRIETARY Navigation & Guidance Inertial Measurement Units (IMUs) Global Navigation Satellite Systems (GNSS) Attitude and Heading Reference Systems (AHRS) SMEC Addressable Market: $18,,medium,,,2025-11-04T13:11:53.730675
19,"8B, CAGR: 5% NPV 1 MP License Value: $2B Page 5 CII NIKET PROPRIETARY CII NIKET PROPRIETARY Radar Sensors Airborne Radar Ground-Based Radar Lidar SMEC Addressable Market: $12B/Year, CAGR: 5% NPV 1MP License Value: $1",,medium,,,2025-11-04T13:11:53.730675
20,"1B/Year, CAGR:  5% NPV 1 MP License Value: $300M Page 6 CII NIKET PROPRIETARY CII NIKET PROPRIETARY Fiber Optic Sensors Strain Sensors Temperature Sensors SMEC Addressable Market: $1",,medium,,,2025-11-04T13:11:53.730675
